COMBUSTÍVEL,ANO,REGIÃO,ESTADO,UNIDADE,Jan,Fev,Mar,Abr,Mai,Jun,Jul,Ago,Set,Out,Nov,Dez,TOTAL
QUEROSENE DE AVIAÇÃO (m3),2016,REGIÃO CENTRO-OESTE,DISTRITO FEDERAL,m3,49144.102,45089.772,45546.011,44237.151,44469.831,43983.942,46248.999,45408.379,40032.818,39047.371,37176.329,38745.149,519129.854
QUEROSENE DE AVIAÇÃO (m3),2016,REGIÃO CENTRO-OESTE,GOIÁS,m3,6506.703,6259.244,6146.685,5865.417,5918.706,8004.983,6293.235,6219.008,5797.069,5870.134,5152.752,5728.47,73762.406
QUEROSENE DE AVIAÇÃO (m3),2016,REGIÃO CENTRO-OESTE,MATO GROSSO,m3,6347.954,5072.942,5557.856,4603.933,4245.402,3940.199,3811.853,3933.869,3870.63,3864.436,4159.3,4731.098,54139.472
QUEROSENE DE AVIAÇÃO (m3),2016,REGIÃO CENTRO-OESTE,MATO GROSSO DO SUL,m3,3540.688,2551.112,2904.02,2729.27,2841.565,2987.454,2334.254,2471.1,2436.617,2316.491,2063.318,2247.211,31423.1
QUEROSENE DE AVIAÇÃO (m3),2016,REGIÃO SUL,RIO GRANDE DO SUL,m3,16731.927,16052.721,14696.883,13343.842,14015.161,13092.698,13237.026,15202.942,14414.885,15075.025,14811.231,14314.655,174988.996
QUEROSENE DE AVIAÇÃO (m3),2016,REGIÃO SUL,SANTA CATARINA,m3,12693.995,10426.528,10426.327,8294.591,7155.08,7805.068,8269.546,6981.459,6578.844,6205.729,7970.166,9432.347,102239.68
QUEROSENE DE AVIAÇÃO (m3),2016,REGIÃO SUL,PARANÁ,m3,17488.214,15842.018,16378.425,14657.447,13947.667,13174.098,14099.447,14426.815,14670.35,14980.964,16335.939,16841.013,182842.397
QUEROSENE DE AVIAÇÃO (m3),2016,REGIÃO SUDESTE,SÃO PAULO,m3,263470.85,226290.793,237489.253,224410,237534.407,226539.437,244990.836,230087.394,226507.286,240791.333,224827.662,240180.424,2823119.675
QUEROSENE DE AVIAÇÃO (m3),2016,REGIÃO SUDESTE,RIO DE JANEIRO,m3,99420.757,92803.46,94403.695,92214.286,98242.018,98091.58,109251.457,116799.863,100128.248,94001.482,87753.388,93351.502,1176461.736
QUEROSENE DE AVIAÇÃO (m3),2016,REGIÃO SUDESTE,ESPÍRITO SANTO,m3,3552.224,2838.532,2640.114,1768.068,2084.811,2317.509,2721.353,2366.944,2253.751,2215.891,2696.062,2799.381,30254.64
QUEROSENE DE AVIAÇÃO (m3),2016,REGIÃO SUDESTE,MINAS GERAIS,m3,29559.91,27448.278,25849.005,24519.434,24052.952,23626.565,25223.051,24302.615,22327.916,22263.775,22087.138,24344.826,295605.465
QUEROSENE DE AVIAÇÃO (m3),2016,REGIÃO NORDESTE,BAHIA,m3,34247.777,27024.26,23828.925,21230.443,20046.001,20123.698,22102.161,20583.125,19347.473,22160.718,20683.419,24991.782,276369.782
QUEROSENE DE AVIAÇÃO (m3),2016,REGIÃO NORDESTE,SERGIPE,m3,3470.649,2449.293,2421.016,1839.221,2126.638,2161.673,2190.852,2479.727,2304.481,2394.669,2193.702,2387.082,28419.003
QUEROSENE DE AVIAÇÃO (m3),2016,REGIÃO NORDESTE,ALAGOAS,m3,5863.886,4869.805,4213.451,3655.87,3615.117,3472.367,4720.595,4214.258,3964.735,4206.643,4120.989,4991.894,51909.61
QUEROSENE DE AVIAÇÃO (m3),2016,REGIÃO NORDESTE,PERNAMBUCO,m3,23575.565,18678.99,18667.847,16956.593,16687.101,17174.347,19477.549,19379.807,16891.148,17854.071,16000.98,20408.805,221752.803
QUEROSENE DE AVIAÇÃO (m3),2016,REGIÃO NORDESTE,PARAÍBA,m3,5424.594,3863.848,3696.813,2918.667,3432.939,3589.002,4170.618,3556.375,3430.068,3669.131,3343.673,3957.6,45053.328
QUEROSENE DE AVIAÇÃO (m3),2016,REGIÃO NORDESTE,RIO GRANDE DO NORTE,m3,11599.701,7188.001,7039.113,6017.555,6506.457,6248.886,7365.904,7042.699,7204.968,7968.998,7919.969,9000.823,91103.074
QUEROSENE DE AVIAÇÃO (m3),2016,REGIÃO NORDESTE,CEARÁ,m3,21627.556,16842.336,16294.751,14444.765,14094.404,14069.087,17782.56,16139.075,16058.735,16885.288,16492.545,19415.393,200146.495
QUEROSENE DE AVIAÇÃO (m3),2016,REGIÃO NORDESTE,PIAUÍ,m3,2546.598,1899.445,1821.317,1464.22,1720.267,1737.731,1840.569,1565.543,1534.989,1602.314,1759.95,2253.133,21746.076
QUEROSENE DE AVIAÇÃO (m3),2016,REGIÃO NORDESTE,MARANHÃO,m3,5575.133,4779.263,4360.248,3440.481,3427.729,3539.365,3989.475,3950.86,3787.169,4194.184,4326.594,4722.531,50093.032
QUEROSENE DE AVIAÇÃO (m3),2016,REGIÃO NORTE,TOCANTINS,m3,736.564,472.986,496.558,383.848,463.591,466.953,529.183,460.368,479.234,500.647,502.726,596.233,6088.891
QUEROSENE DE AVIAÇÃO (m3),2016,REGIÃO NORTE,AMAPÁ,m3,373.472,407.731,564.25,413.114,405.108,394.982,440.318,387.286,433.583,518.495,561.265,645.128,5544.732
QUEROSENE DE AVIAÇÃO (m3),2016,REGIÃO NORTE,PARÁ,m3,13928.639,11469.595,10596.48,8887.042,9518.097,9829.576,10530.122,10568.251,10200.886,11259.029,10992.464,11891.645,129671.826
QUEROSENE DE AVIAÇÃO (m3),2016,REGIÃO NORTE,RORAIMA,m3,576.82,582.419,634.402,531.752,581.63,605.271,656.551,666.196,691.678,847.249,687.705,786.723,7848.396
QUEROSENE DE AVIAÇÃO (m3),2016,REGIÃO NORTE,AMAZONAS,m3,13122.725,11118.872,11543.613,9647.1,9184.096,9439.607,9641.643,9916.016,10527.07,11343.558,10980.405,12155.625,128620.33
QUEROSENE DE AVIAÇÃO (m3),2016,REGIÃO NORTE,ACRE,m3,938.531,761.634,741.145,671.341,744.543,686.457,703.394,697.478,723.522,723.489,857.299,1002.822,9251.655
QUEROSENE DE AVIAÇÃO (m3),2016,REGIÃO NORTE,RONDÔNIA,m3,2849.04,2418.186,2483.265,2091.318,1994.305,2087.071,2317.166,2354.499,2367.063,2058.564,1899.309,2239.285,27159.071
QUEROSENE DE AVIAÇÃO (m3),2017,REGIÃO CENTRO-OESTE,DISTRITO FEDERAL,m3,39249.213,31936.758,37491.25,33900.678,38732.76,38350.252,43067.294,41717.409,39487.556,39930.377,36389.477,37148.887,457401.911
QUEROSENE DE AVIAÇÃO (m3),2017,REGIÃO CENTRO-OESTE,GOIÁS,m3,5982.92,4974.99,5890.408,5522.403,6434.648,6267.125,6386.985,6383.444,5416.178,5590.379,4990.472,5293.468,69133.42
QUEROSENE DE AVIAÇÃO (m3),2017,REGIÃO CENTRO-OESTE,MATO GROSSO,m3,4716.558,3921.18,4559.566,4465.793,4768.221,4351.506,4514.361,4312.973,4436.79,4848.967,5303.366,5237.29,55436.571
QUEROSENE DE AVIAÇÃO (m3),2017,REGIÃO CENTRO-OESTE,MATO GROSSO DO SUL,m3,2348.748,1958.388,2870.954,2544.42,2841.511,2840.573,2683.868,2714.842,2693.607,2763.776,2578.104,2961.512,31800.303
QUEROSENE DE AVIAÇÃO (m3),2017,REGIÃO SUL,RIO GRANDE DO SUL,m3,14894.181,13620.837,16283.163,14178.08,14317.977,13842.936,16501.211,16892.135,16355.266,16525.058,17030.424,17079.618,187520.886
QUEROSENE DE AVIAÇÃO (m3),2017,REGIÃO SUL,SANTA CATARINA,m3,10510.908,9061.536,9501.256,7948.065,8330.292,7439.484,8269.15,8969.425,8849.437,8819.011,8869.329,11168.529,107736.422
QUEROSENE DE AVIAÇÃO (m3),2017,REGIÃO SUL,PARANÁ,m3,17362.158,14778.534,16985.579,14864.731,15408.906,15058.032,17299.086,16665.05,16439.662,16536.992,16984.387,16448.137,194831.254
QUEROSENE DE AVIAÇÃO (m3),2017,REGIÃO SUDESTE,SÃO PAULO,m3,250945.855,211289.492,233808.751,222286.669,229440.6,227724.954,248116.011,241219.118,228906.781,246646.228,241131.215,262499.224,2844014.898
QUEROSENE DE AVIAÇÃO (m3),2017,REGIÃO SUDESTE,RIO DE JANEIRO,m3,95224.784,84586.954,91648.581,87375.475,89883.032,88420.961,95885.74,93107.465,92590.309,92194.381,89970.835,94215.128,1095103.645
QUEROSENE DE AVIAÇÃO (m3),2017,REGIÃO SUDESTE,ESPÍRITO SANTO,m3,3025.716,2437.887,2972.715,2652.805,2902.809,2561.163,2654.32,2828.893,2390.123,2713.728,2849.85,2993.234,32983.243
QUEROSENE DE AVIAÇÃO (m3),2017,REGIÃO SUDESTE,MINAS GERAIS,m3,27081.031,21316.439,24349.545,22658.367,23835.793,21760.828,25432.751,23829.055,23245.28,23544.7,22697.474,25827.058,285578.321
QUEROSENE DE AVIAÇÃO (m3),2017,REGIÃO NORDESTE,BAHIA,m3,28463.124,21202.022,22706.541,19111.115,18950.799,18048.765,23366.112,21520.422,19600.185,20620.36,19982.099,25956.956,259528.5
QUEROSENE DE AVIAÇÃO (m3),2017,REGIÃO NORDESTE,SERGIPE,m3,2976.569,2272.93,2530.459,2155.061,2475.191,2176.509,0,2241.687,2456.167,2699.29,2663.976,2873.32,27521.159
QUEROSENE DE AVIAÇÃO (m3),2017,REGIÃO NORDESTE,ALAGOAS,m3,6179.691,4041.481,4123.542,3425.515,3483.923,3363.932,5278.815,4162.231,4148.478,4430.893,4639.52,5784.721,53062.742
QUEROSENE DE AVIAÇÃO (m3),2017,REGIÃO NORDESTE,PERNAMBUCO,m3,22089.53,17046.591,24525.938,18925.849,19419.314,18613.945,24184.106,23501.824,22464.848,24458.73,24705.421,28217.557,268153.653
QUEROSENE DE AVIAÇÃO (m3),2017,REGIÃO NORDESTE,PARAÍBA,m3,4468.571,3256.314,3614.143,3011.619,2933.779,2938.692,4119.318,3789.778,3697.825,3879.833,3604.627,4353.876,43668.375
QUEROSENE DE AVIAÇÃO (m3),2017,REGIÃO NORDESTE,RIO GRANDE DO NORTE,m3,10846.081,7423.13,7422.481,6686.574,6811.426,6592.412,8746.643,7854.142,5790.791,6457.356,7529.688,8529.297,90690.021
QUEROSENE DE AVIAÇÃO (m3),2017,REGIÃO NORDESTE,CEARÁ,m3,21720.541,15639.586,16853.779,14653.706,15498.475,15350.644,19024.484,16010.599,14678.175,17664.03,16657.238,19442.341,203193.598
QUEROSENE DE AVIAÇÃO (m3),2017,REGIÃO NORDESTE,PIAUÍ,m3,2646.978,1827.633,2031.054,1933.652,1945.734,1902.924,2234.915,1905,1726.393,1739.147,1959.17,2606.668,24459.268
QUEROSENE DE AVIAÇÃO (m3),2017,REGIÃO NORDESTE,MARANHÃO,m3,5363.952,3954.309,4252.699,3666.092,4035.189,3941.916,4506.098,4332.481,4129.575,4386.712,4561.248,5098.343,52228.614
QUEROSENE DE AVIAÇÃO (m3),2017,REGIÃO NORTE,TOCANTINS,m3,607.479,522.253,633.917,573.975,533.338,498.98,576.244,528.175,464.422,555.337,636.13,741.922,6872.172
QUEROSENE DE AVIAÇÃO (m3),2017,REGIÃO NORTE,AMAPÁ,m3,668.524,539.645,422.233,444.672,411.207,371.294,518.073,525.832,438.751,446.572,516.338,571.643,5874.784
QUEROSENE DE AVIAÇÃO (m3),2017,REGIÃO NORTE,PARÁ,m3,11552.692,9319.676,10342.825,9028.238,9318.638,8957.654,9600.949,9355.147,9221.826,9822.261,9778.765,11488.563,117787.234
QUEROSENE DE AVIAÇÃO (m3),2017,REGIÃO NORTE,RORAIMA,m3,745.679,581.698,795.5,647.999,721.211,655.712,798.892,879.334,776.724,782.372,921.344,815.639,9122.104
QUEROSENE DE AVIAÇÃO (m3),2017,REGIÃO NORTE,AMAZONAS,m3,11832.625,9858.156,11530.347,10225.312,10398.402,9866.096,11648.74,11290.387,10631.19,11083.741,11546.788,11600.437,131512.221
QUEROSENE DE AVIAÇÃO (m3),2017,REGIÃO NORTE,ACRE,m3,1008.56,827.491,963.17,887.594,871.427,873.361,1003.171,995.341,941.577,1127.095,1072.637,1067.958,11639.382
QUEROSENE DE AVIAÇÃO (m3),2017,REGIÃO NORTE,RONDÔNIA,m3,3386.015,2136.434,2105.021,1718.972,2015.817,2300.591,2296.496,2365.869,2075.742,2110.003,2432.944,2381.763,27325.667
QUEROSENE DE AVIAÇÃO (m3),2018,REGIÃO CENTRO-OESTE,DISTRITO FEDERAL,m3,28003.22,22722.771,25439.798,26967.862,24709.7,28711.432,32737.133,29719.761,29048.945,27099.354,25593.039,27243.847,327996.862
QUEROSENE DE AVIAÇÃO (m3),2018,REGIÃO CENTRO-OESTE,GOIÁS,m3,5670.327,4856.922,5681.025,5931.186,4904.518,6549.058,7225.89,7585.191,7184.819,6325.832,5535.405,6311.005,73761.178
QUEROSENE DE AVIAÇÃO (m3),2018,REGIÃO CENTRO-OESTE,MATO GROSSO,m3,4452.001,2990.759,3750.513,3670.062,2388.14,2405.723,2289.674,1731.998,2207.517,3017.5,3949.335,4131.511,36984.733
QUEROSENE DE AVIAÇÃO (m3),2018,REGIÃO CENTRO-OESTE,MATO GROSSO DO SUL,m3,1935.657,1756.029,2154.427,2435.209,2404.828,1668.481,2064.83,2072.948,1775.94,1901.604,2011.922,1838.487,24020.362
QUEROSENE DE AVIAÇÃO (m3),2018,REGIÃO SUL,RIO GRANDE DO SUL,m3,13184.886,11829.509,12656.115,13104.336,12958.478,12801.925,13486.84,12515.251,12318.189,13591.655,11144.718,11808.61,151400.512
QUEROSENE DE AVIAÇÃO (m3),2018,REGIÃO SUL,SANTA CATARINA,m3,19876.232,15667.064,14886.905,13950.436,12222.36,13956.089,16683.679,16131.734,15010.613,15191.626,14657.164,16361.392,184595.294
QUEROSENE DE AVIAÇÃO (m3),2018,REGIÃO SUL,PARANÁ,m3,11341.831,9888.856,10636.204,11219.227,10445.761,9758.567,10593.512,10878.143,10486.408,10557.311,9910.501,10623.085,126339.406
QUEROSENE DE AVIAÇÃO (m3),2018,REGIÃO SUDESTE,SÃO PAULO,m3,352444.442,287975.637,318423.126,309052.694,323734.085,309249.355,349727.774,338248.258,327418.608,334535.822,332181.796,359990.995,3942982.592
QUEROSENE DE AVIAÇÃO (m3),2018,REGIÃO SUDESTE,RIO DE JANEIRO,m3,78685.504,77807.502,80621.867,80251.845,85399.55,79105.647,79418.664,75863.514,75800.015,79494.579,76968.662,85047.687,954465.036
QUEROSENE DE AVIAÇÃO (m3),2018,REGIÃO SUDESTE,ESPÍRITO SANTO,m3,1948.229,1509.353,1703.889,1873.06,1539.43,1969.208,2313.6,2127.745,2206.945,2347.623,2532.069,2433.901,24505.052
QUEROSENE DE AVIAÇÃO (m3),2018,REGIÃO SUDESTE,MINAS GERAIS,m3,23967.351,19520.852,21503.65,21385.263,19856.949,21193.566,23327.072,22039.13,21087.584,19725.171,17995.708,20883.648,252485.944
QUEROSENE DE AVIAÇÃO (m3),2018,REGIÃO NORDESTE,BAHIA,m3,20451.054,14441.498,13939.241,13596.71,14200.182,13909.806,17827.573,15247.769,15503.042,16915.676,16562.065,19088.386,191683.002
QUEROSENE DE AVIAÇÃO (m3),2018,REGIÃO NORDESTE,SERGIPE,m3,3094.796,2377.938,2560.944,2490.837,1930.671,2051.053,2855.551,1945.292,1833.979,1980.886,1983.211,2372.316,27477.474
QUEROSENE DE AVIAÇÃO (m3),2018,REGIÃO NORDESTE,ALAGOAS,m3,3334.805,2196.898,2022.71,1886.154,1681.488,1771.409,2610.451,2168.73,2086.073,2161.882,1559.114,2301.192,25780.906
QUEROSENE DE AVIAÇÃO (m3),2018,REGIÃO NORDESTE,PERNAMBUCO,m3,22876.932,18262.888,19265.553,18662.002,16374.995,19310.675,23498.178,20407.431,19086.402,19662.469,18783.488,20699.839,236890.852
QUEROSENE DE AVIAÇÃO (m3),2018,REGIÃO NORDESTE,PARAÍBA,m3,5214.001,3766.637,3341.743,3200.859,3226.345,3875.718,4911.547,3769.469,3647.108,3865.126,4066.399,5129.581,48014.533
QUEROSENE DE AVIAÇÃO (m3),2018,REGIÃO NORDESTE,RIO GRANDE DO NORTE,m3,8039.711,5950.522,6229.616,5565.453,5679.051,5794.996,8400.434,6363.839,5917.952,6253.055,9167.607,7185.506,80547.742
QUEROSENE DE AVIAÇÃO (m3),2018,REGIÃO NORDESTE,CEARÁ,m3,13963.766,10261.833,10744.53,10770.591,12027.139,13067.392,15777.71,16174.219,16528.744,16153.231,13982.271,16729.701,166181.127
QUEROSENE DE AVIAÇÃO (m3),2018,REGIÃO NORDESTE,PIAUÍ,m3,2708.14,1819.543,1978.887,1700.366,1653.167,1608.804,1926.467,1629.101,1553.558,1685.145,1765.075,2356.36,22384.613
QUEROSENE DE AVIAÇÃO (m3),2018,REGIÃO NORDESTE,MARANHÃO,m3,4307.005,3179.082,3226.663,2920.336,3022.835,2948.195,3908.107,3439.109,2827.422,2894.689,3056.901,3553.676,39284.02
QUEROSENE DE AVIAÇÃO (m3),2018,REGIÃO NORTE,TOCANTINS,m3,743.949,553.468,676,617.543,513.405,545.757,764.654,584.565,652.952,667.088,673.106,845.584,7838.071
QUEROSENE DE AVIAÇÃO (m3),2018,REGIÃO NORTE,AMAPÁ,m3,98.28,66.281,81.969,112.724,107.374,123.401,119.922,139.39,75.471,54.936,83.537,109.515,1172.8
QUEROSENE DE AVIAÇÃO (m3),2018,REGIÃO NORTE,PARÁ,m3,8009.277,6372.462,6785.945,6635.437,7539.597,7212.914,8876.704,7525.837,7097.65,7750.766,6776.112,7838.675,88421.376
QUEROSENE DE AVIAÇÃO (m3),2018,REGIÃO NORTE,RORAIMA,m3,309.692,405.766,481.793,522.827,523.706,524.924,380.254,542.301,644.552,504.657,502.403,559.396,5902.271
QUEROSENE DE AVIAÇÃO (m3),2018,REGIÃO NORTE,AMAZONAS,m3,7773.862,6560.704,6954.854,6610.265,7446.84,7520.592,8277.866,7689.009,7687.115,7722.547,7235.379,7529.632,89008.665
QUEROSENE DE AVIAÇÃO (m3),2018,REGIÃO NORTE,ACRE,m3,795.978,730.564,737.585,792.763,809.178,804.004,982.674,940.585,666.6,631.379,655.145,766.146,9312.601
QUEROSENE DE AVIAÇÃO (m3),2018,REGIÃO NORTE,RONDÔNIA,m3,2186.582,1749.8,1899.716,1855.146,2225.414,1952.34,2340.537,2112.747,2135.103,2129.736,2169.214,2239.604,24995.939
QUEROSENE DE AVIAÇÃO (m3),2019,REGIÃO CENTRO-OESTE,DISTRITO FEDERAL,m3,31467.058,25887.624,29336.715,27231.013,28874.155,27791.571,31561.829,28067.843,27657.174,27238.664,28019.13,27407.468,340540.244
QUEROSENE DE AVIAÇÃO (m3),2019,REGIÃO CENTRO-OESTE,GOIÁS,m3,6386.192,5679.427,6130.147,5935.971,6509.763,6478.289,7566.011,6760.466,5706.418,4861.38,4462.907,5628.448,72105.419
QUEROSENE DE AVIAÇÃO (m3),2019,REGIÃO CENTRO-OESTE,MATO GROSSO,m3,4657.79,3716.038,4236.201,3989.15,3410.205,1865.618,2542.233,1842.063,2173.171,3501.404,4195.783,5103.602,41233.258
QUEROSENE DE AVIAÇÃO (m3),2019,REGIÃO CENTRO-OESTE,MATO GROSSO DO SUL,m3,1646.737,1244.661,1653.872,1702.636,1966.275,1087.063,1114.331,1255.314,1143.675,1235.37,1136.537,1281.667,16468.138
QUEROSENE DE AVIAÇÃO (m3),2019,REGIÃO SUL,RIO GRANDE DO SUL,m3,12275.504,11982.821,12631.63,12430.843,11314.53,12284.348,13115.647,12877.281,9742.325,9607.904,10705.957,10860.434,139829.224
QUEROSENE DE AVIAÇÃO (m3),2019,REGIÃO SUL,SANTA CATARINA,m3,8412.429,5610.612,5609.046,5209.318,3920.374,4018.903,4176.327,4329.402,3225.36,2758.249,2630.975,4123.405,54024.4
QUEROSENE DE AVIAÇÃO (m3),2019,REGIÃO SUL,PARANÁ,m3,12447.683,11458.836,11581.513,10619.609,10762.609,9989.158,11439.521,10282.774,8227.189,8143.735,9012.169,10527.383,124492.179
QUEROSENE DE AVIAÇÃO (m3),2019,REGIÃO SUDESTE,SÃO PAULO,m3,371145.344,320587.116,341364.006,320842.333,318935.905,302384.646,342989.026,335187.057,333268.382,346998.291,343963.605,362936.406,4040602.117
QUEROSENE DE AVIAÇÃO (m3),2019,REGIÃO SUDESTE,RIO DE JANEIRO,m3,87335.309,71838.983,77542.519,66936.578,68974.998,66263.226,75923.005,70670.931,68809.785,72354.885,66783.072,75223.661,868656.952
QUEROSENE DE AVIAÇÃO (m3),2019,REGIÃO SUDESTE,ESPÍRITO SANTO,m3,2371.686,1992.122,2034.6,2270.794,2141.31,1791.619,2901.499,2189.046,1955.151,1952.752,1854.143,2131.548,25586.27
QUEROSENE DE AVIAÇÃO (m3),2019,REGIÃO SUDESTE,MINAS GERAIS,m3,23914.66,18822.045,20256.746,20440.24,19562.049,20010.157,23489.451,20340.609,17803.163,18228.601,16648.499,19075.055,238591.275
QUEROSENE DE AVIAÇÃO (m3),2019,REGIÃO NORDESTE,BAHIA,m3,22758.102,16811.973,16899.826,12654.31,9462.105,9574.558,13611.218,12122.45,11451.824,11606.8,12080.137,14945.746,163979.049
QUEROSENE DE AVIAÇÃO (m3),2019,REGIÃO NORDESTE,SERGIPE,m3,2501,1767.291,1777.358,1758.157,1532.123,1538.023,1956.179,1599.996,1470.957,1491.314,2030.551,2463.108,21886.057
QUEROSENE DE AVIAÇÃO (m3),2019,REGIÃO NORDESTE,ALAGOAS,m3,3830.856,2441.922,2741.289,2363.835,2094.215,2294.876,3401.577,2515.801,2315.653,2306.6,2259.495,3198.585,31764.704
QUEROSENE DE AVIAÇÃO (m3),2019,REGIÃO NORDESTE,PERNAMBUCO,m3,22427.91,18394.021,20271.865,19051.084,19238.884,19208.083,22639.394,19818.724,20349.15,19857.897,19223.01,22055.07,242535.092
QUEROSENE DE AVIAÇÃO (m3),2019,REGIÃO NORDESTE,PARAÍBA,m3,5493.024,3544.599,3744.113,3231.277,3070.946,3079.839,3604.483,2814.603,2848.765,3100.52,3516.616,4495.556,42544.341
QUEROSENE DE AVIAÇÃO (m3),2019,REGIÃO NORDESTE,RIO GRANDE DO NORTE,m3,7350.132,5066.334,4829.879,4489.379,4972.821,4486.266,6413.616,5193.545,5212.831,5254.312,5333.287,6537.222,65139.624
QUEROSENE DE AVIAÇÃO (m3),2019,REGIÃO NORDESTE,CEARÁ,m3,17333.924,13162.358,13215.541,11097.048,11273.372,11803.407,13855.32,14133.196,13760.113,13643.492,13957.57,15850.765,163086.106
QUEROSENE DE AVIAÇÃO (m3),2019,REGIÃO NORDESTE,PIAUÍ,m3,1792.645,2510.001,1694.948,1602.733,1307.899,1316.017,2018.5,1789.859,1665.087,1712.355,1636.895,2187.082,21234.021
QUEROSENE DE AVIAÇÃO (m3),2019,REGIÃO NORDESTE,MARANHÃO,m3,3753.274,2942.657,2739.465,2737.778,2704.913,2767.631,3624.839,2738.305,2450.33,2765.32,2798.164,3054.883,35077.559
QUEROSENE DE AVIAÇÃO (m3),2019,REGIÃO NORTE,TOCANTINS,m3,777.22,704.081,599.832,556.676,556.273,412.914,540.442,447.013,512.327,637.542,633.606,648.177,7026.103
QUEROSENE DE AVIAÇÃO (m3),2019,REGIÃO NORTE,AMAPÁ,m3,255.474,224.607,221.615,145.016,152.406,90.675,297.75,204.801,246.769,302.42,421.356,358.201,2921.09
QUEROSENE DE AVIAÇÃO (m3),2019,REGIÃO NORTE,PARÁ,m3,7946.997,6496.696,6743.372,6688.183,6828.73,6713.247,8162.839,7147.793,7628.865,7616.58,7359.936,7971.738,87304.976
QUEROSENE DE AVIAÇÃO (m3),2019,REGIÃO NORTE,RORAIMA,m3,518.349,507.938,675.384,565.791,585.409,577.138,650.13,556.575,689.597,569.847,340.61,343.669,6580.437
QUEROSENE DE AVIAÇÃO (m3),2019,REGIÃO NORTE,AMAZONAS,m3,8451.769,7480.225,8571.788,6973.065,7548.431,7419.32,8955.145,8409.676,8444.969,8791.977,8513.449,9119.993,98679.807
QUEROSENE DE AVIAÇÃO (m3),2019,REGIÃO NORTE,ACRE,m3,651.33,676.472,662.342,589.373,521.901,659.758,578.355,652.906,600.569,701.655,776.089,645.444,7716.194
QUEROSENE DE AVIAÇÃO (m3),2019,REGIÃO NORTE,RONDÔNIA,m3,2340.188,1890.475,1784.687,1715.928,1572.929,1428.946,1628.298,1669.459,1922.218,1806.794,1030.545,2170.647,20961.114
QUEROSENE DE AVIAÇÃO (m3),2020,REGIÃO CENTRO-OESTE,DISTRITO FEDERAL,m3,28008.37,23131.463,17693.972,1887.467,2160.982,3077.765,6508.324,12278.921,17798.88,19827.889,17908.071,22387.563,172669.667
QUEROSENE DE AVIAÇÃO (m3),2020,REGIÃO CENTRO-OESTE,GOIÁS,m3,5907.664,5551.358,4391.419,1833.258,2392.265,2194.942,2423.835,2509.638,2858.555,3619.679,3977.163,5019.709,42679.485
QUEROSENE DE AVIAÇÃO (m3),2020,REGIÃO CENTRO-OESTE,MATO GROSSO,m3,4664.68,4695.081,5009.42,3262.87,2698.594,1458.785,1305.278,1372.553,1803.843,3571.243,4364.013,5038.5,39244.86
QUEROSENE DE AVIAÇÃO (m3),2020,REGIÃO CENTRO-OESTE,MATO GROSSO DO SUL,m3,1295.611,1414.834,1023.651,702.57,990.393,902.93,876.895,2106.227,676.864,1269.767,978.778,1428.634,13667.154
QUEROSENE DE AVIAÇÃO (m3),2020,REGIÃO SUL,RIO GRANDE DO SUL,m3,10715.943,9643.143,5174.058,3219.189,1900.468,2387.196,2174.497,2113.464,3110.259,4495.814,6916.146,6856.732,58706.909
QUEROSENE DE AVIAÇÃO (m3),2020,REGIÃO SUL,SANTA CATARINA,m3,4674.683,4070.821,2335.003,314.094,709.403,775.621,903.87,1053.495,1377.599,2024.872,2427.779,3329.258,23996.498
QUEROSENE DE AVIAÇÃO (m3),2020,REGIÃO SUL,PARANÁ,m3,11227.273,9978.165,6850.18,1470.782,1952.591,2014.988,2144.263,2325.469,3046.266,4852.756,5637.088,5936.872,57436.693
QUEROSENE DE AVIAÇÃO (m3),2020,REGIÃO SUDESTE,SÃO PAULO,m3,369348.397,328711.236,256780.36,50093.277,63670.28,81324.28,101385.682,109706.914,125092.308,153513.83,169277.926,197648.665,2006553.155
QUEROSENE DE AVIAÇÃO (m3),2020,REGIÃO SUDESTE,RIO DE JANEIRO,m3,80973.292,70643.349,51781.105,6827.48,8612.573,11084.756,15253.912,18658.198,22142.648,25823.965,26687.018,34794.774,373283.07
QUEROSENE DE AVIAÇÃO (m3),2020,REGIÃO SUDESTE,ESPÍRITO SANTO,m3,2262.542,1830.504,1275.263,354.106,540.725,644.967,811.365,978.401,1115.3,1528.011,1953.466,2427.153,15721.803
QUEROSENE DE AVIAÇÃO (m3),2020,REGIÃO SUDESTE,MINAS GERAIS,m3,20379.84,16655.571,12094.206,1806.646,2251.087,2545.533,4189.024,6183.032,7038.994,9316.492,11040.11,13992.751,107493.286
QUEROSENE DE AVIAÇÃO (m3),2020,REGIÃO NORDESTE,BAHIA,m3,19973.091,15187.814,9803.044,1623.952,2075.469,1999.36,2563.132,3197.219,5236.557,8868.786,10303.295,12738.551,93570.27
QUEROSENE DE AVIAÇÃO (m3),2020,REGIÃO NORDESTE,SERGIPE,m3,2896.854,2137.649,1238.239,105.573,135.568,339.38,401.777,645.527,740.456,1135.989,1309.621,1664.456,12751.089
QUEROSENE DE AVIAÇÃO (m3),2020,REGIÃO NORDESTE,ALAGOAS,m3,4380.13,3119.671,1978.642,201.968,208.634,198.435,549.922,1025.701,1556.768,2746.334,3630.751,4795.12,24392.076
QUEROSENE DE AVIAÇÃO (m3),2020,REGIÃO NORDESTE,PERNAMBUCO,m3,23765.192,20759.966,14365.585,2026.993,2139.551,3850.06,5505.537,7901.542,9529.661,12595.324,14449.142,18064.827,134953.38
QUEROSENE DE AVIAÇÃO (m3),2020,REGIÃO NORDESTE,PARAÍBA,m3,4922.098,3662.862,2776.238,255.524,277.782,592.263,899.426,1215.03,1347.955,1975.518,2227.192,3658.766,23810.654
QUEROSENE DE AVIAÇÃO (m3),2020,REGIÃO NORDESTE,RIO GRANDE DO NORTE,m3,7506.471,5722.125,4248.958,1099.823,1380.873,1090.187,1278.29,1562.537,2182.773,3580.771,3894.277,5068.254,38615.339
QUEROSENE DE AVIAÇÃO (m3),2020,REGIÃO NORDESTE,CEARÁ,m3,16531.03,12602.096,8355.021,1054.411,1329.404,2324.941,3798.079,5292.977,4158.473,9312.181,9048.664,12505.695,86312.972
QUEROSENE DE AVIAÇÃO (m3),2020,REGIÃO NORDESTE,PIAUÍ,m3,2485.274,1854.074,1600.209,292.172,473.736,549.477,551.798,667.064,861.439,1286.683,1631.508,2192.96,14446.394
QUEROSENE DE AVIAÇÃO (m3),2020,REGIÃO NORDESTE,MARANHÃO,m3,3566.466,2842.337,2145.242,715.657,617.928,654.973,1123.771,1255.117,1616.079,2190.65,2243.899,2948.193,21920.312
QUEROSENE DE AVIAÇÃO (m3),2020,REGIÃO NORTE,TOCANTINS,m3,753.543,561.883,476.191,181.555,252.723,248.084,287.529,366.311,362.382,690.122,547.453,802.997,5530.773
QUEROSENE DE AVIAÇÃO (m3),2020,REGIÃO NORTE,AMAPÁ,m3,332.628,245.806,297.263,132.578,110.536,182.896,205.446,263.916,362.624,567.492,639.005,541.617,3881.807
QUEROSENE DE AVIAÇÃO (m3),2020,REGIÃO NORTE,PARÁ,m3,8012.257,6608.943,5045.462,1640.522,2011.252,2682.626,3114.501,4792.221,5890.933,7221.314,7609.209,8792.26,63421.5
QUEROSENE DE AVIAÇÃO (m3),2020,REGIÃO NORTE,RORAIMA,m3,378.333,312.455,283.165,133.859,77.019,170.755,183.483,298.969,520.12,654.408,567.839,766.606,4347.011
QUEROSENE DE AVIAÇÃO (m3),2020,REGIÃO NORTE,AMAZONAS,m3,9362.916,7883.119,7123.005,2832.473,3443.351,4057.851,5134.698,6841.838,8549.316,10723.964,10305.319,11522.13,87779.98
QUEROSENE DE AVIAÇÃO (m3),2020,REGIÃO NORTE,ACRE,m3,749.214,773.001,524.462,78.302,92.686,109.872,309.932,429.367,561.203,716.172,1002.075,1118.513,6464.799
QUEROSENE DE AVIAÇÃO (m3),2020,REGIÃO NORTE,RONDÔNIA,m3,1947.696,1672.842,1365.769,424.675,419.693,547.037,785.946,684.682,974.881,1084.94,1187.25,1461.131,12556.542
QUEROSENE DE AVIAÇÃO (m3),2021,REGIÃO CENTRO-OESTE,DISTRITO FEDERAL,m3,21870.264,16151.305,15189.106,11043.435,16111.841,18139.394,23423.755,24748.549,26490.259,26371.123,25544.753,29133.273,254217.057
QUEROSENE DE AVIAÇÃO (m3),2021,REGIÃO CENTRO-OESTE,GOIÁS,m3,4833.931,3758.46,3629.767,2955.478,4177.035,4339.872,5058.74,5557.128,3960.529,7395.57,5348.11,5844.372,56858.992
QUEROSENE DE AVIAÇÃO (m3),2021,REGIÃO CENTRO-OESTE,MATO GROSSO,m3,6225.031,4566.328,5742.113,3682.971,3201.398,2330.948,1817.008,1768.094,2775.543,4001.842,5523.736,5963.578,47598.59
QUEROSENE DE AVIAÇÃO (m3),2021,REGIÃO CENTRO-OESTE,MATO GROSSO DO SUL,m3,1489.584,1225.057,1402.022,809.152,976.769,913.09,1026.195,1960.216,978.14,1567.407,1395.396,2205.51,15948.538
QUEROSENE DE AVIAÇÃO (m3),2021,REGIÃO SUL,RIO GRANDE DO SUL,m3,6006.489,5322.95,4208.496,3070.147,4176.316,5165.939,6971.116,7994.832,8153.844,10070.114,12019.753,11457.342,84617.338
QUEROSENE DE AVIAÇÃO (m3),2021,REGIÃO SUL,SANTA CATARINA,m3,3489.407,2646.005,1713.112,1042.178,1718.739,1594.264,2037.819,2210.595,2475.496,3583.245,4241.09,6411.124,33163.074
QUEROSENE DE AVIAÇÃO (m3),2021,REGIÃO SUL,PARANÁ,m3,6740.207,5921.415,4812.351,3436.783,4913.197,4517.131,5556.273,5973.774,6417.148,7222.081,8526.209,9760.942,73797.511
QUEROSENE DE AVIAÇÃO (m3),2021,REGIÃO SUDESTE,SÃO PAULO,m3,204895.245,146115.972,160799.393,139947.85,164156.033,173681.37,207083.81,201847.504,206469.234,217041.236,234596.556,258069.708,2314703.911
QUEROSENE DE AVIAÇÃO (m3),2021,REGIÃO SUDESTE,RIO DE JANEIRO,m3,36195.366,43597.928,25931.568,22013.127,25800.12,25875.493,32580.232,31987.971,33486.801,34063.663,38065.787,45643.067,395241.123
QUEROSENE DE AVIAÇÃO (m3),2021,REGIÃO SUDESTE,ESPÍRITO SANTO,m3,2085.472,1496.972,1297.405,929.146,1337.546,1678.838,1989.009,1913.502,2093.418,2458.106,2368.587,2745.352,22393.353
QUEROSENE DE AVIAÇÃO (m3),2021,REGIÃO SUDESTE,MINAS GERAIS,m3,14266.23,9499.784,11341.067,8665.184,10395.49,11457.984,14143.063,14826.79,15866.709,16058.993,16025.299,18254.895,160801.488
QUEROSENE DE AVIAÇÃO (m3),2021,REGIÃO NORDESTE,BAHIA,m3,16967.066,10280.748,8880.756,5623.644,7325.507,8086.185,10748.376,10690.312,12257.806,15472.277,14961.681,20479.284,141773.642
QUEROSENE DE AVIAÇÃO (m3),2021,REGIÃO NORDESTE,SERGIPE,m3,1773.784,1465.196,899.231,456.515,674.706,1047.957,1099.813,1075.304,1122.636,1332.358,1195.384,1766.097,13908.981
QUEROSENE DE AVIAÇÃO (m3),2021,REGIÃO NORDESTE,ALAGOAS,m3,6186.088,3917.147,3613.292,1800.649,2565.047,3162.024,5279.737,4190.106,4607.528,5453.599,5031.267,6379.114,52185.598
QUEROSENE DE AVIAÇÃO (m3),2021,REGIÃO NORDESTE,PERNAMBUCO,m3,20412.157,15740.785,15246.738,11317.869,12933.208,15076.921,18601.766,17161.62,17232.137,18827.684,19572.205,23168.593,205291.683
QUEROSENE DE AVIAÇÃO (m3),2021,REGIÃO NORDESTE,PARAÍBA,m3,4138.163,2737.038,1913.039,1014.709,1205.325,2160.559,3059.609,2297.28,2263.183,2754.999,2867.45,3761.631,30172.985
QUEROSENE DE AVIAÇÃO (m3),2021,REGIÃO NORDESTE,RIO GRANDE DO NORTE,m3,6810.981,3992.108,3564.079,2008.602,3018.694,3866.392,6506.134,5221.131,5332.032,6213.16,5773.711,7237.613,59544.637
QUEROSENE DE AVIAÇÃO (m3),2021,REGIÃO NORDESTE,CEARÁ,m3,12721.124,8702.57,5941.305,3748.669,6134.169,7471.76,11904.883,12183.913,11285.981,12639.013,16152.305,17195.481,126081.173
QUEROSENE DE AVIAÇÃO (m3),2021,REGIÃO NORDESTE,PIAUÍ,m3,1763.333,1202.268,846.039,572.454,940.572,1190.661,1354.053,1274.977,1320.596,1637.737,1656.797,2172.539,15932.026
QUEROSENE DE AVIAÇÃO (m3),2021,REGIÃO NORDESTE,MARANHÃO,m3,2633.898,1900.626,1540.278,1015.064,1277.678,1405.359,1938.111,1881.134,1863.849,2133.191,1904.967,2857.903,22352.058
QUEROSENE DE AVIAÇÃO (m3),2021,REGIÃO NORTE,TOCANTINS,m3,791.308,718.516,708.704,364.648,511.152,531.252,644.426,709.833,657.91,774.235,789.153,824.29,8025.427
QUEROSENE DE AVIAÇÃO (m3),2021,REGIÃO NORTE,AMAPÁ,m3,478.367,379.762,360.992,167.565,239.096,280.353,301.261,302.457,343.627,397.5,344.731,461.497,4057.208
QUEROSENE DE AVIAÇÃO (m3),2021,REGIÃO NORTE,PARÁ,m3,8050.267,6300.004,5795.727,5132.719,5524.785,6762.792,8392.133,8219.953,7957.115,8580.424,10595.013,11618.37,92929.302
QUEROSENE DE AVIAÇÃO (m3),2021,REGIÃO NORTE,RORAIMA,m3,777.762,716.478,554.093,432.012,676.769,919.505,955.404,695.715,649.759,780.588,839.983,779.457,8777.525
QUEROSENE DE AVIAÇÃO (m3),2021,REGIÃO NORTE,AMAZONAS,m3,11076.291,9047.631,8278.191,6776.357,8474.508,8117.543,10156.013,10071.621,10961.959,12027.24,11900.763,13157.967,120046.084
QUEROSENE DE AVIAÇÃO (m3),2021,REGIÃO NORTE,ACRE,m3,1055.563,917.779,729.973,492.838,623.116,646.162,649.961,783.766,718.894,919.126,978.435,1145.375,9660.988
QUEROSENE DE AVIAÇÃO (m3),2021,REGIÃO NORTE,RONDÔNIA,m3,1531.668,1178.407,1102.482,1257.648,1119.563,1017.762,1064.737,996.707,1153.245,1433.055,1329.386,1748.556,14933.216
QUEROSENE DE AVIAÇÃO (m3),2022,REGIÃO CENTRO-OESTE,DISTRITO FEDERAL,m3,29125.579,20946.181,27822.744,23190.018,25804.735,25598.831,32521.454,30262.797,29380.516,28874.787,27029.429,28645.483,329202.554
QUEROSENE DE AVIAÇÃO (m3),2022,REGIÃO CENTRO-OESTE,GOIÁS,m3,6046.689,4439.799,5384.862,6207.871,7095.072,6972.174,7546.722,7559.945,7318.603,7869.171,6493.554,6676.215,79610.677
QUEROSENE DE AVIAÇÃO (m3),2022,REGIÃO CENTRO-OESTE,MATO GROSSO,m3,6454.302,4973.384,6815.494,4523.289,3520.902,2337.229,2351.573,2405.258,2974.723,5508.383,5872.087,6893.321,54629.945
QUEROSENE DE AVIAÇÃO (m3),2022,REGIÃO CENTRO-OESTE,MATO GROSSO DO SUL,m3,2228.301,1679.937,2485.296,1605.961,1253.612,1015.695,1306.949,2059.089,1328.679,1780.815,1572.425,2161.382,20478.141
QUEROSENE DE AVIAÇÃO (m3),2022,REGIÃO SUL,RIO GRANDE DO SUL,m3,12506.709,9825.401,11890.122,11325.707,11856.048,10574.021,10664.44,13281.508,13393.235,13127.722,15684.692,14689.721,148819.326
QUEROSENE DE AVIAÇÃO (m3),2022,REGIÃO SUL,SANTA CATARINA,m3,8069.393,4543.476,4749.201,4745.89,4421.121,4430.968,4248.062,3489.559,4445.837,5688.851,5576.338,6956.112,61364.808
QUEROSENE DE AVIAÇÃO (m3),2022,REGIÃO SUL,PARANÁ,m3,9686.301,7390.319,10175.243,10507.753,11393.738,11069.472,12255.629,11555.863,11696.583,11828.979,11970.109,11293.73,130823.719
QUEROSENE DE AVIAÇÃO (m3),2022,REGIÃO SUDESTE,SÃO PAULO,m3,250616.391,224220.691,252288.979,246415.693,263028.243,249709.236,278003.411,263192.412,254203.561,254389.137,273148.86,290021.643,3099238.257
QUEROSENE DE AVIAÇÃO (m3),2022,REGIÃO SUDESTE,RIO DE JANEIRO,m3,47189.016,42126.411,48116.349,47318.521,48619.828,46534.205,49869.904,47576.205,49902.605,50900.506,54361.664,59565.829,592081.043
QUEROSENE DE AVIAÇÃO (m3),2022,REGIÃO SUDESTE,ESPÍRITO SANTO,m3,2325.949,1830.89,2030.792,1987.343,2152.102,2058.288,2458.871,2509.382,2562.016,2662.339,2569.176,2464.756,27611.904
QUEROSENE DE AVIAÇÃO (m3),2022,REGIÃO SUDESTE,MINAS GERAIS,m3,18348.976,14143.177,17301.466,18657.727,20086.37,19134.1,21714.21,22629.269,21436.895,22491.941,19806.254,20667.942,236418.327
QUEROSENE DE AVIAÇÃO (m3),2022,REGIÃO NORDESTE,BAHIA,m3,20697.242,12054.31,14965.393,12294.272,12951.07,13252.589,17581.307,16337.001,16418.611,18755.313,18008.976,22643.803,195959.887
QUEROSENE DE AVIAÇÃO (m3),2022,REGIÃO NORDESTE,SERGIPE,m3,1744.099,1366.205,1697.254,1542.206,1455.257,1350.989,1866.26,1771.563,1759.186,2046.254,2270.925,1947.904,20818.102
QUEROSENE DE AVIAÇÃO (m3),2022,REGIÃO NORDESTE,ALAGOAS,m3,7751.067,5069.001,5088.458,4412.044,3993.888,3848.834,5078.475,4665.623,4921.78,5467.722,4793.055,6301.167,61391.114
QUEROSENE DE AVIAÇÃO (m3),2022,REGIÃO NORDESTE,PERNAMBUCO,m3,22833.835,17003.737,20108.568,19950.123,20564.013,18465.968,22062.317,19431.964,18139.408,18737.304,17094.568,20754.039,235145.844
QUEROSENE DE AVIAÇÃO (m3),2022,REGIÃO NORDESTE,PARAÍBA,m3,3634.966,2764.37,3066.995,2641.986,2724.212,2831.001,3255.384,3033.69,2950.639,3240.108,3214.706,3958.257,37316.314
QUEROSENE DE AVIAÇÃO (m3),2022,REGIÃO NORDESTE,RIO GRANDE DO NORTE,m3,8699.226,5915.384,6146.49,5313.438,5764.005,5321.273,7329.6,6363.811,6278.027,6842.051,5848.501,7440.442,77262.248
QUEROSENE DE AVIAÇÃO (m3),2022,REGIÃO NORDESTE,CEARÁ,m3,20469.128,16387.227,16755.397,13655.389,14491.729,14348.301,17419.827,17480.715,17031.6,17635.304,16713.425,20031.203,202419.245
QUEROSENE DE AVIAÇÃO (m3),2022,REGIÃO NORDESTE,PIAUÍ,m3,2450.993,1487.678,1494.295,1302.214,1319.707,1253.397,1181.129,1502.145,1681.269,1858.151,1690.091,2158.106,19379.175
QUEROSENE DE AVIAÇÃO (m3),2022,REGIÃO NORDESTE,MARANHÃO,m3,2677.101,2094.946,2239.522,1919.161,1965.617,1926.968,2763.775,2729.054,2602.434,2864.025,2713.53,3536.364,30032.497
QUEROSENE DE AVIAÇÃO (m3),2022,REGIÃO NORTE,TOCANTINS,m3,942.548,681.798,920.918,905.937,847.611,689.587,856.586,828.834,869.317,885.567,886.316,933.855,10248.874
QUEROSENE DE AVIAÇÃO (m3),2022,REGIÃO NORTE,AMAPÁ,m3,442.511,299.069,335.881,204.663,257.602,257.69,413.6,360.901,379.666,400.365,362.457,483.655,4198.06
QUEROSENE DE AVIAÇÃO (m3),2022,REGIÃO NORTE,PARÁ,m3,10512.215,8587.186,9086.805,8350.175,9340.432,9752.063,11060.816,9941.621,9597.982,10189.641,9192.483,10813.907,116425.326
QUEROSENE DE AVIAÇÃO (m3),2022,REGIÃO NORTE,RORAIMA,m3,866.748,851.713,795.987,617.496,696.076,664.143,565.45,646.339,744.399,10624.433,724.971,815.69,18613.445
QUEROSENE DE AVIAÇÃO (m3),2022,REGIÃO NORTE,AMAZONAS,m3,11438.424,9749.499,9968.826,9055.315,9480.016,9900.793,11230.636,10943.261,11010.865,11607.927,10758.709,11065.267,126209.538
QUEROSENE DE AVIAÇÃO (m3),2022,REGIÃO NORTE,ACRE,m3,1015.107,638.479,1221.551,726.586,671.473,595.297,656.465,690.165,841.768,801.972,691.355,835.302,9385.52
QUEROSENE DE AVIAÇÃO (m3),2022,REGIÃO NORTE,RONDÔNIA,m3,1990.209,1331.623,1325.421,1044.632,1145.954,928.868,1110.286,946.963,1067.264,1357.833,1120.539,1339.912,14709.504
QUEROSENE DE AVIAÇÃO (m3),2023,REGIÃO CENTRO-OESTE,DISTRITO FEDERAL,m3,30856.511,25268.001,30399.568,27296.105,33148.787,32928.987,32581.167,31144.164,28585.835,28628.524,28601.312,29030.334,358469.295
QUEROSENE DE AVIAÇÃO (m3),2023,REGIÃO CENTRO-OESTE,GOIÁS,m3,4675.554,3618.022,5062.607,4445.114,5520.597,5198.15,5484.76,5195.437,4832.21,4425.968,4751.591,5216.002,58426.012
QUEROSENE DE AVIAÇÃO (m3),2023,REGIÃO CENTRO-OESTE,MATO GROSSO,m3,8425.368,5493.537,8138.44,6686.948,4876.737,4259.915,3362.262,4439.039,3823.76,4808.286,6309.412,7273.158,67896.862
QUEROSENE DE AVIAÇÃO (m3),2023,REGIÃO CENTRO-OESTE,MATO GROSSO DO SUL,m3,2563.777,1683.879,1716.884,1466.078,1373.874,1306.598,1705.106,2255.965,1328.679,1593.396,1955.007,2322.7,21271.943
QUEROSENE DE AVIAÇÃO (m3),2023,REGIÃO SUL,RIO GRANDE DO SUL,m3,11295.099,7913.642,9615.49,8460.712,8248.437,7832.245,8078.237,10937.308,8241.832,9613.672,10509.159,9881.837,110627.67
QUEROSENE DE AVIAÇÃO (m3),2023,REGIÃO SUL,SANTA CATARINA,m3,7601.841,5308.779,5064.655,5009.699,4914.959,4323.162,4636.021,5181.491,4680.532,5163.294,5299.9,6491.43,63675.763
QUEROSENE DE AVIAÇÃO (m3),2023,REGIÃO SUL,PARANÁ,m3,8182.206,6387.854,6623.119,6029.96,6304.185,5666.129,6100.167,8422.495,7487.694,8002.906,8536.948,9061.167,86804.83
QUEROSENE DE AVIAÇÃO (m3),2023,REGIÃO SUDESTE,SÃO PAULO,m3,346627.055,285914.855,320757.526,265813.516,319009.789,316944.545,344257.338,295235.954,326837.452,327827.813,318193.726,330842.064,3798261.633
QUEROSENE DE AVIAÇÃO (m3),2023,REGIÃO SUDESTE,RIO DE JANEIRO,m3,60145.389,51478.435,57784.051,92721.319,52854.698,50508.268,56527.805,55485.786,54034.294,54626.555,60632.628,65449.434,712248.662
QUEROSENE DE AVIAÇÃO (m3),2023,REGIÃO SUDESTE,ESPÍRITO SANTO,m3,2696.762,2514.023,2578.678,2769.562,2551.183,2515.783,2673.238,3027.932,2609.783,2821.954,2746.229,2682.474,32187.601
QUEROSENE DE AVIAÇÃO (m3),2023,REGIÃO SUDESTE,MINAS GERAIS,m3,12435.208,11079.022,11771.991,11173.696,11306.328,11094.389,12354.818,11543.847,12682.586,13489.411,14376.636,14697.302,148005.234
QUEROSENE DE AVIAÇÃO (m3),2023,REGIÃO NORDESTE,BAHIA,m3,20848.563,14427.594,15772.682,14375.259,14046.225,13017.243,17294.108,16953.42,15031.754,17218.851,18577.907,21508.623,199072.229
QUEROSENE DE AVIAÇÃO (m3),2023,REGIÃO NORDESTE,SERGIPE,m3,1708.101,1417.573,1879.752,1621.736,1273.205,1120.475,1147.504,1169.309,876.553,1264.795,1341.256,1538.816,16359.075
QUEROSENE DE AVIAÇÃO (m3),2023,REGIÃO NORDESTE,ALAGOAS,m3,5900.94,4042.982,3867.369,3804.042,3542.778,3181.224,3774.565,3811.017,3369.715,4280.444,4479.531,5625.567,49680.174
QUEROSENE DE AVIAÇÃO (m3),2023,REGIÃO NORDESTE,PERNAMBUCO,m3,21778.005,16778.1,18139.608,15315.597,16098.33,16063.292,19860.57,68585.843,17090.351,18221.818,17996.129,20119.877,266047.52
QUEROSENE DE AVIAÇÃO (m3),2023,REGIÃO NORDESTE,PARAÍBA,m3,4232.575,3128.355,3264.716,3392.54,3350.836,3049.531,3260.775,3499.953,3502.429,4166.856,4011.215,4699.2,43558.981
QUEROSENE DE AVIAÇÃO (m3),2023,REGIÃO NORDESTE,RIO GRANDE DO NORTE,m3,7629.039,5231.641,5354.145,4829.705,5246.849,4525.29,5203.463,5342.343,4864.507,5237.111,4744.549,5685.033,63893.675
QUEROSENE DE AVIAÇÃO (m3),2023,REGIÃO NORDESTE,CEARÁ,m3,19713.733,16773.048,16425.74,15226.575,16333.901,15804.875,16910.267,15925.013,14961.382,15359.447,15132.75,17321.534,195888.265
QUEROSENE DE AVIAÇÃO (m3),2023,REGIÃO NORDESTE,PIAUÍ,m3,2361.449,1470.529,1707.03,1274.821,1149.86,1117.96,1745.706,1321.299,1033.068,1248.497,1529.686,2044.171,18004.076
QUEROSENE DE AVIAÇÃO (m3),2023,REGIÃO NORDESTE,MARANHÃO,m3,2924.969,1909.144,2214.474,2093.198,1952.952,2306.586,2413.479,2288.106,2250.797,2334.772,2219.478,2387.156,27295.111
QUEROSENE DE AVIAÇÃO (m3),2023,REGIÃO NORTE,TOCANTINS,m3,1037.638,477.632,695.238,705.424,725.716,655.924,700.72,740.647,554.519,889.814,808.747,1440.323,9432.342
QUEROSENE DE AVIAÇÃO (m3),2023,REGIÃO NORTE,AMAPÁ,m3,486.542,358.254,474.428,384.451,385.382,343.537,349.84,378.165,281.105,336.897,618.126,386.418,4783.145
QUEROSENE DE AVIAÇÃO (m3),2023,REGIÃO NORTE,PARÁ,m3,6400.835,4951.909,5862.445,5053.572,5382.351,5365.184,5409.093,5919.922,5230.122,6145.569,6033.896,6366.518,68121.416
QUEROSENE DE AVIAÇÃO (m3),2023,REGIÃO NORTE,RORAIMA,m3,812.886,720.999,795.379,604.406,656.14,715.521,704.751,632.112,575.733,660.064,781.739,701.811,8361.541
QUEROSENE DE AVIAÇÃO (m3),2023,REGIÃO NORTE,AMAZONAS,m3,7478.017,6046.063,6624.385,5677.685,5954.332,6078.667,6477.167,6659.218,6581.999,7291.835,7165.012,7603.876,79638.256
QUEROSENE DE AVIAÇÃO (m3),2023,REGIÃO NORTE,ACRE,m3,727.641,682.186,753.532,662.701,666.021,755.009,771.059,648.421,677.022,690.7,762.888,863.968,8661.148
QUEROSENE DE AVIAÇÃO (m3),2023,REGIÃO NORTE,RONDÔNIA,m3,1795.108,1074.414,1309.406,1192.081,1205.372,1089.777,1317.378,1253.639,1135.416,1257.414,1231.854,1087.288,14949.147
QUEROSENE DE AVIAÇÃO (m3),2024,REGIÃO CENTRO-OESTE,DISTRITO FEDERAL,m3,28425.01,26156.118,,,,,,,,,,,54581.128
QUEROSENE DE AVIAÇÃO (m3),2024,REGIÃO CENTRO-OESTE,GOIÁS,m3,4911.182,4683.927,,,,,,,,,,,9595.109
QUEROSENE DE AVIAÇÃO (m3),2024,REGIÃO CENTRO-OESTE,MATO GROSSO,m3,8833.044,8227.238,,,,,,,,,,,17060.282
QUEROSENE DE AVIAÇÃO (m3),2024,REGIÃO CENTRO-OESTE,MATO GROSSO DO SUL,m3,2180.776,2368.424,,,,,,,,,,,4549.2
QUEROSENE DE AVIAÇÃO (m3),2024,REGIÃO SUL,RIO GRANDE DO SUL,m3,10379.44,8800.264,,,,,,,,,,,19179.704
QUEROSENE DE AVIAÇÃO (m3),2024,REGIÃO SUL,SANTA CATARINA,m3,8362.277,7094.168,,,,,,,,,,,15456.445
QUEROSENE DE AVIAÇÃO (m3),2024,REGIÃO SUL,PARANÁ,m3,9325.62,8293.7,,,,,,,,,,,17619.32
QUEROSENE DE AVIAÇÃO (m3),2024,REGIÃO SUDESTE,SÃO PAULO,m3,340269.29,304661.387,,,,,,,,,,,644930.677
QUEROSENE DE AVIAÇÃO (m3),2024,REGIÃO SUDESTE,RIO DE JANEIRO,m3,75298.064,66040.259,,,,,,,,,,,141338.323
QUEROSENE DE AVIAÇÃO (m3),2024,REGIÃO SUDESTE,ESPÍRITO SANTO,m3,2842.284,2445.078,,,,,,,,,,,5287.362
QUEROSENE DE AVIAÇÃO (m3),2024,REGIÃO SUDESTE,MINAS GERAIS,m3,13457.042,13926.091,,,,,,,,,,,27383.133
QUEROSENE DE AVIAÇÃO (m3),2024,REGIÃO NORDESTE,BAHIA,m3,24142.437,19778.453,,,,,,,,,,,43920.89
QUEROSENE DE AVIAÇÃO (m3),2024,REGIÃO NORDESTE,SERGIPE,m3,1571.309,995.827,,,,,,,,,,,2567.136
QUEROSENE DE AVIAÇÃO (m3),2024,REGIÃO NORDESTE,ALAGOAS,m3,6783.716,5008.254,,,,,,,,,,,11791.97
QUEROSENE DE AVIAÇÃO (m3),2024,REGIÃO NORDESTE,PERNAMBUCO,m3,22131.712,17783.232,,,,,,,,,,,39914.944
QUEROSENE DE AVIAÇÃO (m3),2024,REGIÃO NORDESTE,PARAÍBA,m3,5814.501,4344.961,,,,,,,,,,,10159.462
QUEROSENE DE AVIAÇÃO (m3),2024,REGIÃO NORDESTE,RIO GRANDE DO NORTE,m3,6913.203,5421.821,,,,,,,,,,,12335.024
QUEROSENE DE AVIAÇÃO (m3),2024,REGIÃO NORDESTE,CEARÁ,m3,18859.125,15978.749,,,,,,,,,,,34837.874
QUEROSENE DE AVIAÇÃO (m3),2024,REGIÃO NORDESTE,PIAUÍ,m3,2421.852,1775.086,,,,,,,,,,,4196.938
QUEROSENE DE AVIAÇÃO (m3),2024,REGIÃO NORDESTE,MARANHÃO,m3,2547.051,2517.999,,,,,,,,,,,5065.05
QUEROSENE DE AVIAÇÃO (m3),2024,REGIÃO NORTE,TOCANTINS,m3,1289.62,1127.965,,,,,,,,,,,2417.585
QUEROSENE DE AVIAÇÃO (m3),2024,REGIÃO NORTE,AMAPÁ,m3,364.438,321.313,,,,,,,,,,,685.751
QUEROSENE DE AVIAÇÃO (m3),2024,REGIÃO NORTE,PARÁ,m3,6620.585,5717.92,,,,,,,,,,,12338.505
QUEROSENE DE AVIAÇÃO (m3),2024,REGIÃO NORTE,RORAIMA,m3,782.71,835.651,,,,,,,,,,,1618.361
QUEROSENE DE AVIAÇÃO (m3),2024,REGIÃO NORTE,AMAZONAS,m3,6976.942,6700.957,,,,,,,,,,,13677.899
QUEROSENE DE AVIAÇÃO (m3),2024,REGIÃO NORTE,ACRE,m3,806.947,738.002,,,,,,,,,,,1544.949
QUEROSENE DE AVIAÇÃO (m3),2024,REGIÃO NORTE,RONDÔNIA,m3,1259.96,1169.379,,,,,,,,,,,2429.339
